"TIV of arms exports from United States, 1970-2020",,,,,,,,,,,,,,,,,,,,,,,,,,,,,,,,,,,,,,,,,,,,,,,,,,,,,
Figures are SIPRI Trend Indicator Values (TIVs) expressed in millions.,,,,,,,,,,,,,,,,,,,,,,,,,,,,,,,,,,,,,,,,,,,,,,,,,,,,,
Figures may not add up due to the conventions of rounding.,,,,,,,,,,,,,,,,,,,,,,,,,,,,,,,,,,,,,,,,,,,,,,,,,,,,,
A '0' indicates that the value of deliveries is less than 0.5m,,,,,,,,,,,,,,,,,,,,,,,,,,,,,,,,,,,,,,,,,,,,,,,,,,,,,
"For more information, see http://www.sipri.org/databases/armstransfers/sources-and-methods/",,,,,,,,,,,,,,,,,,,,,,,,,,,,,,,,,,,,,,,,,,,,,,,,,,,,,
,,,,,,,,,,,,,,,,,,,,,,,,,,,,,,,,,,,,,,,,,,,,,,,,,,,,,
,,,,,,,,,,,,,,,,,,,,,,,,,,,,,,,,,,,,,,,,,,,,,,,,,,,,,
Source: SIPRI Arms Transfers Database,,,,,,,,,,,,,,,,,,,,,,,,,,,,,,,,,,,,,,,,,,,,,,,,,,,,,
Generated: 09 December 2021,,,,,,,,,,,,,,,,,,,,,,,,,,,,,,,,,,,,,,,,,,,,,,,,,,,,,
,,,,,,,,,,,,,,,,,,,,,,,,,,,,,,,,,,,,,,,,,,,,,,,,,,,,,
,1970,1971,1972,1973,1974,1975,1976,1977,1978,1979,1980,1981,1982,1983,1984,1985,1986,1987,1988,1989,1990,1991,1992,1993,1994,1995,1996,1997,1998,1999,2000,2001,2002,2003,2004,2005,2006,2007,2008,2009,2010,2011,2012,2013,2014,2015,2016,2017,2018,2019,2020,Total
Afghanistan,,,,,,,,,,,,,,,,,,,,,,,,,,,,,,,,,,,,19,,22,78,280,245,521,412,144,69,94,72,251,320,368,227,3122
African Union**,,,,,,,,,,,,,,,,,,,,,,,,,,,,,,,,,,,,,,,,,,,,,,2,,,,,,2
Albania,,,,,,,,,,,,,,,,,,,,,,,,,,,,,,,,,,,,,,,,,,,,,,,,4,2,5,,11
Algeria,,,,,,,,0,23,0,,114,84,200,170,15,,,,,29,,,,,6,3,,,,22,67,59,,,,,,,,11,11,,,,5,19,,3,,,840
Angola,,,,,,,,,,,,,,,,,,,5,,,,,,6,,,,,,,,,,,,,,,,,,,1,,,,2,,,,14
Argentina,159,244,309,133,68,135,155,99,147,95,75,36,4,28,10,10,,8,4,4,14,,27,,48,28,9,82,139,196,59,6,12,11,19,3,9,15,17,8,3,1,3,6,4,18,6,34,10,11,7,2527
Australia,189,239,17,620,797,43,28,122,779,141,341,315,61,486,550,503,660,565,721,629,299,94,327,448,254,38,45,35,18,286,193,87,106,165,115,102,347,574,318,612,1392,994,579,147,304,836,889,947,907,1004,1132,21400
Austria,38,24,18,16,16,6,2,,8,23,23,,,105,,18,18,7,20,13,,,,,,,,34,36,,,,65,,,,,,,,,,,,,,,,,1,,489
Azerbaijan,,,,,,,,,,,,,,,,,,,,,,,,,,,,,,,,,,,,,,,,0,1,1,2,0,1,,,,,,,4
Bahamas,,,,,,,,,,,,,,,,,,,,,2,3,,,,,,,,,33,,,,,3,,,,1,,,,,,,,,,,,42
Bahrain,,,,0,1,,,,,,,,10,10,10,45,47,160,46,14,362,68,42,1,,53,42,198,4,,299,3,54,1,,63,3,27,3,,68,,,60,,15,,20,7,2,,1733
Bangladesh,,,,,,,,22,,,,17,9,,,,,,11,,,18,25,,,9,,1,,,61,,,,,,,,,,,,,55,,54,,,,6,,289
Barbados,,,,,,,,,,,,,,,1,,,,,,,,,,,,,,,,,,,,,,,,,,,,,,,,,,,,,1
Belgium,,,179,188,20,,40,37,33,476,286,503,422,583,575,287,91,91,407,203,313,115,14,12,12,5,3,18,26,48,18,18,37,21,9,3,3,4,6,12,3,2,6,2,2,7,4,7,1,4,1,5158
Belize,,,,,,,,,,,,,,,,,,,,,,,,,,,0,,,,,,,,,,,,,,,,,,,,,,,,,0
Benin,0,,,,,,,,,,,,,,,,,,,,,,,,,,,,,,,,,,,,,,,,,,,,,,,,,,,0
Bolivia,2,1,12,16,5,2,16,1,4,4,1,5,1,,,6,6,,56,61,,11,9,13,9,,,,,9,18,,,,,,,,,,,1,1,1,6,,,,,,,276
Bosnia-Herzegovina,,,,,,,,,,,,,,,,,,,,,,,,,,,46,25,,16,,,,,,,,,,,,,,,,,,1,,1,1,89
Botswana,,,,,,,,,,0,,,,,,,,10,16,4,10,,,1,,,,18,,,,15,,,,,,,,1,1,,,,,,,,2,2,,81
Brazil,73,108,319,363,142,442,184,9,101,10,12,12,2,2,2,23,34,101,47,336,39,24,7,,37,,45,131,,11,22,111,70,8,20,18,19,19,33,0,16,77,127,69,17,37,31,9,56,51,17,3444
Brunei,5,10,,,14,,,,,,,1,12,26,,,13,,,,,,,,,,7,16,7,,,,,0,0,,,,,,,,,15,36,36,,,,,,198
Bulgaria,,,,,,,,,,,,,,,,,,,,,,,,,,,,,,4,,,,,,,,3,5,,,3,,,,3,,,,,,18
Burkina Faso,,,,,,,,,,,,,,,,,,,,,,,,,,,,,,,,,,,,,3,,,,,,,,,,,,,,,3
Burundi,,,,,,,,,,,,,,,,,,,,,,,,,,,,,,,,,,,,,,,,,,,,,,1,3,,,,,4
Cambodia,6,22,100,122,23,,,,,,,,,,,,,,,,,,,,,,,,,,,,,,,,,,,,,,,,,,,,,,,272
Cameroon,,1,,,,,,56,,,,,29,1,17,,,,,3,3,,,,,,,,,,,,,,,,,,,,10,,,1,,3,0,,2,4,,130
Canada,623,455,309,56,224,195,13,13,13,35,383,395,220,646,646,848,788,765,656,12,20,425,118,114,310,325,313,261,66,102,162,83,38,56,70,90,68,400,350,99,197,311,181,170,202,316,128,183,66,77,72,12668
Central African Republic,,,,,,,,,,,,,,,,,,,,,,,,,,,,,,,,,,,,,9,,,,,,,,,,,,,,,9
Chad,,,,,,,,,,,,,,10,9,,14,3,9,57,,,,,,,,,,,,,,,,,1,,,,,,,,6,,2,6,,,2,120
Chile,57,42,43,66,118,183,207,0,12,5,10,2,23,3,12,4,6,7,9,12,7,12,69,26,18,32,10,5,18,13,19,14,,8,16,,253,79,,30,132,39,38,31,61,81,18,0,44,1,,1891
China,,,,,,,,,,,,,,,59,98,,,16,,,,,,35,2,2,,,,,,,,,,,,,,,,,,,,,,,,,211
Colombia,3,26,18,55,,,10,8,12,36,4,28,18,49,102,7,6,3,35,109,7,52,15,53,42,35,37,103,84,44,60,265,124,95,,4,27,122,16,147,58,80,77,99,25,55,15,36,3,13,17,2340
Congo,,,,,,,,,,,,,,,,,,,,,,,,,,,,,,,,,,,,,,,,,1,,,,,,,,,,,1
Contras (Nicaragua)*,,,,,,,,,,,,,,7,1,,5,14,,,,,,,,,,,,,,,,,,,,,,,,,,,,,,,,,,28
Costa Rica,,,,2,,3,,,6,,1,,,,,2,1,,,2,,,,,,,,,,,,,,,,,,,,,,,1,,1,,,,,,,19
Cote d'Ivoire,,,,,,,,,,5,,,,,,,,,,,,,0,,,,,,,,,,,,,,,,,,,,,,,,,,,,,6
Croatia,,,,,,,,,,,,,,,,,,,,,,,,,,,,7,,,,55,,,,,,,,,,,,,22,,20,2,2,,,108
Cyprus,,,,,,,,,,,,,,,,,,,,,8,,,,,,,5,,,,,,,,,,,,,,,,,,,,,,,,13
Czechia,,,,,,,,,,,,,,,,,,,,,,,,,,,,,,,2,35,23,14,,40,0,,14,1,1,1,1,0,,0,,,3,0,1,138
Denmark,28,14,13,,39,89,37,38,137,57,399,432,441,218,59,73,,83,88,84,3,15,22,10,51,26,37,64,65,35,27,33,12,8,136,22,8,85,3,0,,,32,28,28,42,102,52,32,,6,3316
Djibouti,,,,,,,,,,,,,,,,,,,,,,1,,,,,,,,,,,,,,,,,,,,,,,5,,1,,,8,,14
Dominican Republic,1,2,7,0,,2,12,,,,9,5,30,,25,0,,,2,,,,,,,,4,,6,,,5,0,8,35,,,,,,,,,,,1,0,,,,,154
DR Congo,,72,,,,89,1,31,,,,,,,,,,18,,,,,,,,,,,,,,,,,,,,,,28,,,,,,,,,1,,6,245
Ecuador,5,2,,5,2,5,60,91,22,12,133,6,5,15,39,8,,18,17,2,3,21,,18,4,22,,43,6,,,,0,,,2,,,,1,10,,,,,,,,,,,578
Egypt,,,,,,,56,112,9,339,414,890,1369,985,384,457,1043,1145,306,205,428,835,922,1006,1791,1644,757,882,468,456,819,793,475,345,500,607,472,396,263,82,249,160,177,492,182,592,226,207,194,51,32,24214
El Salvador,9,1,,,9,14,10,8,1,1,6,5,32,11,60,44,5,,,,,21,4,,,4,4,,2,,,,19,10,,,,,,,,,2,,,,,,,4,,285
Equatorial Guinea,,,,,,,,,,,,,,,,,,,,,,,,,,,,,,,,,,,,,,1,,3,,,5,,10,,,,,,,18
Estonia,,,,,,,,,,,,,,,,,,,,,,,,,,,,4,,,,,1,11,,,,,,,,,,,,2,2,2,,2,4,29
Ethiopia,67,46,5,5,16,51,108,22,,,,,,,,,,,,,,,,,,,,37,,,,,,,,,,,,,,,,,10,,,,10,,,376
Fiji,,,,,,8,4,,,,,,,,,,,,,,,,,,,,,,,,,,,,,,,,,,,,,,,,,,,,,12
Finland,,,,,3,6,,,,,,,16,1,2,,,,1,,,,36,36,,150,344,391,536,761,467,,5,,,,,,9,9,11,2,,50,44,98,65,34,76,16,4,3173
France,4,13,13,20,14,13,193,193,193,43,,,,4,,,,84,117,87,26,814,312,18,5,5,3,82,137,92,68,66,18,16,78,2,2,,2,,54,22,38,51,17,17,32,54,46,54,52,3169
Gabon,,,,,,35,29,28,2,,,32,5,,,,,,,,1,,,,,,,,,,,,,,,,,,,,1,,,,,,,,,,,132
Georgia,,,,,,,,,,,,,,,,,,,,,,,,,,,,,,,,6,,,,,,,1,2,,,,,1,,,7,6,6,,30
Germany,1357,2213,557,1274,1634,1534,1301,969,622,28,104,190,256,248,258,108,293,320,382,641,678,648,650,524,383,189,164,60,543,75,73,99,42,22,88,51,9,9,262,319,255,35,25,43,46,5,5,3,2,7,13,19614
Ghana,,,7,,,,,,,1,1,,,,,,,2,,,,,,,,,,,,,,8,,,,,,2,,,,2,2,,4,,,,,,,29
Greece,102,306,166,191,418,681,971,440,504,314,245,207,41,96,86,56,87,31,107,762,766,349,1396,361,195,529,102,645,984,274,259,242,177,1530,828,102,20,253,5,921,151,19,6,,61,92,22,25,32,87,,16244
Guatemala,,45,1,0,10,28,7,,,,1,38,16,0,7,0,2,0,0,0,0,0,,13,4,4,,,,,,,,,,,,,,,,,,,,,,,4,1,,183
Guyana,,,,,,0,13,,,,,,,,,,,,,,,,,,,,,,,,,,,,,,,,,,,,,,,,,,,,,13
Haiti,,,,3,4,1,1,0,9,,,,1,0,,,,,,,,,,,,,,,,,,,,,,,,,,,,,,,,,,,,,,18
Honduras,,,,2,,31,6,11,,9,13,13,29,12,17,9,66,13,44,17,,,,,,,,,,,,,,,,,,,0,,,0,0,,,2,,,1,,,296
Hungary,,,,,,,,,,,,,,,,,,,,,,,,,,,,,,,,,,,,,30,25,,4,18,4,,2,,,,,,,,83
India,1,2,2,1,1,1,1,,,,,,,,,,2,1,40,1,2,4,2,,7,,1,2,1,2,1,5,3,,,,82,87,3,1,53,202,139,984,1119,265,42,252,23,748,392,4473
Indonesia,19,86,5,46,71,,82,50,85,56,315,87,187,122,24,11,22,0,56,64,188,2,,2,2,2,17,22,7,23,3,2,4,9,4,4,10,16,12,,,0,35,84,150,83,94,246,90,21,90,2613
Iran,1123,1219,683,1368,2198,4079,4008,4461,2099,214,,,,,10,4,50,,,,,,,,,,,,,,,,,,,,,,,,,,,,,,,,,,,21515
Iraq,,,,,,,,,,,,,,27,,9,9,30,125,,,,,,,,,,,,,,,,6,43,55,150,281,312,346,397,340,255,285,791,888,522,40,,,4913
Ireland,,,,,,,,3,3,0,3,0,,,,,11,,,,,,,,2,,,,,,,,,,,,1,3,3,,,,,,,,,,,,,28
Israel,775,1292,854,1906,1069,1392,1919,1088,1314,636,1204,1641,861,480,276,299,1178,1080,582,24,81,1200,1303,716,751,358,76,42,1273,691,88,100,322,105,839,1114,1110,809,663,136,44,59,107,65,116,222,507,506,510,513,441,34733
Italy,555,726,1350,767,786,738,438,245,418,455,325,105,175,234,204,131,139,126,128,75,94,141,126,166,144,91,149,267,6,,224,176,150,478,406,68,22,42,43,14,30,231,161,25,88,199,406,368,247,173,131,12986
Jamaica,,1,,13,7,4,1,,4,,,0,,,,5,3,,,4,,,,,,,,,10,5,,,,,,,,3,2,,1,,,,,0,0,,18,3,5,88
Japan,630,770,665,629,978,1644,1623,900,1012,942,1015,1287,1391,1617,1931,1846,1764,1853,1879,2151,2553,2849,2450,1993,975,1139,815,793,1446,1207,448,395,395,415,356,348,412,489,671,589,358,240,179,206,286,304,309,420,632,866,724,51787
Jordan,119,49,55,35,54,323,325,464,593,279,360,150,224,101,233,178,,11,5,8,16,,,1,5,19,75,77,248,5,22,21,15,102,37,5,8,169,32,15,6,24,38,39,54,58,86,132,73,144,4,5097
Kazakhstan,,,,,,,,,,,,,,,,,,,,,,,,,,,,,,,,,,,19,,,6,3,3,,,3,,3,,3,3,,,,43
Kenya,0,,,2,,,,,148,3,25,60,24,,,6,,,,,2,2,,,,,,,,,,,,,,,,,,,,1,1,,,1,19,6,,4,12,317
Kosovo,,,,,,,,,,,,,,,,,,,,,,,,,,,,,,,,,,,,,,,,,,,,,,,,,,,1,1
Kuwait,,58,,,2,4,16,321,327,7,19,,,141,64,76,31,6,,,5,41,896,664,18,392,1003,311,14,5,,,,19,,5,5,288,,1,37,36,22,52,681,291,130,56,62,7,,6113
Laos,27,1,14,43,1,1,,,,,,,,,,,,,,,,,,,,,,,,,,,,,,,,,,,,,,,,,,,,,,87
Latvia,,,,,,,,,,,,,,,,,,,,,,,,,,,,,,,,,,11,,,,,,11,14,,,,,,20,,11,22,,89
Lebanon,,6,6,,,1,1,,,,3,2,16,59,67,43,,,,,,,,,18,42,27,9,7,4,4,,,,,1,,,,16,10,,31,21,5,38,27,28,25,67,39,622
Lesotho,,,,,,,,,,,,,,,,,,,,0,,,,,,,,,5,,,,,,,,,,,,,,,,,,,,,,,5
Liberia,,0,1,,,,2,,1,,,,,,,,2,,,,,,,,,,,,,,,,,,,,,,,,,,,,,,,,,,,7
Libya,224,,,,,3,,,0,,,,,,,,,,,,,,,,,,,,,,,,,,,,,,,,,,4,,,,,,,,,231
Libya GNC,,,,,,,,,,,,,,,,,,,,,,,,,,,,,,,,,,,,,,,,,,,,,,,1,,,1,,1
Libya HoR,,,,,,,,,,,,,,,,,,,,,,,,,,,,,,,,,,,,,,,,,,,,,3,,,,0,,,3
Lithuania,,,,,,,,,,,,,,,,,,,,,,,,,,,,,,,,,,2,3,3,13,4,3,3,,,0,,,,,1,,,127,159
Luxembourg,,,,,1,,,,,,,,1,,,,,,,,,,,,,,3,,,1,,,,1,,,,,,,,,,,,,,,,,,7
Madagascar,,0,0,,,,,,,,,,,,,,,,,,,,,,,,,,,,,,,,,,,,,,,,,,,,,,,,,0
Malawi,,,,,,,,,,,,,,,,,,,,,9,,,,,,,,,,,,,,,,,,,,,,,,,,,,,,,9
Malaysia,,61,10,10,18,85,271,48,65,62,84,56,,21,4,129,94,,,,,29,,,51,181,,335,,7,,,9,31,10,1,13,14,,10,12,2,,6,10,4,10,4,,1,2,1760
Mali,,,,,,,,,,,,,,,,0,,,,,,,,,0,,,9,4,,,,,,,,,,,,,,,,,,,,,,8,21
Malta,,,,,,,,,,,,,,,,,,,,,,,,,,,,,,,,,,,,,,,,,,8,8,,,,,8,,,,23
Marshall Islands,,,,,,,,,,,,,,,,,,,2,,,,,,,,,,,,,,,,,,,,,,,,,,,,,,,,,2
Mauritania,,,,,,,,,,,,15,,,,,,,,,,,,,,,,,4,,,,,,,,,,,,,,,,2,,,,,,,21
Mauritius,,,,,,,,,,,,,,,,,,,,,,,,,,,,,,,,,,,,,,,,,,,,,,,1,,,,,1
Mexico,82,44,9,151,13,25,8,23,51,1,,70,246,3,,,9,114,77,54,26,18,6,150,54,,41,280,11,36,130,145,59,15,90,8,29,,23,27,26,89,49,36,25,191,224,143,4,,20,2936
Micronesia,,,,,,,,,,,,,,,,,,,,2,2,,,,,,,,,,,,,,,,,,,,,,,,,,,,,,,5
Montenegro,,,,,,,,,,,,,,,,,,,,,,,,,,,,,,,,,,,,,,,,,,,,,,,,,15,,2,17
Morocco,,1,,,108,93,100,253,162,97,71,424,114,147,,,18,2,36,56,29,43,,86,117,,34,137,,8,4,,,,,,20,,,3,33,444,431,45,9,47,277,435,333,28,7,4250
Mujahedin (Afghanistan)*,,,,,,,,,,,,,,,1,1,16,40,8,0,,,,,,,,,,,,,,,,,,,,,,,,,,,,,,,,67
Myanmar,,22,4,,,53,3,7,14,,17,,3,,,,,,,,,,,,,,,,,,,,,,,,,,,,,,,,,,,,,,,123
Namibia,,,,,,,,,,,,,,,,,,,,,,,,,1,2,,,,,,,,,,,,,,,,,5,,,,,,,,,8
NATO**,,,,,,,,,,,,,1250,1250,1250,750,,,,,,,,,,,,,,,,,,,,,,,,420,,,,,,,,,8,70,105,5103
Nepal,,,,,,,,,,,,,,,,,,,,1,,,,,,,,,,,,,,,,,,,,,,,,,,,,,,2,,3
Netherlands,312,306,322,21,40,67,217,444,543,538,505,657,888,973,848,554,426,592,361,667,268,282,199,79,140,36,99,61,254,240,122,158,202,45,95,51,233,25,9,84,35,8,146,130,1,11,43,23,55,495,608,13516
New Zealand,168,8,6,6,6,6,3,,,,,31,,5,5,7,22,,2,15,12,6,9,,,7,7,45,13,40,,45,15,48,33,,1,1,3,,,,,,57,82,,,6,3,3,725
Nicaragua,,5,5,5,,,8,,13,,,,,,,,,,,,,,,,,,,,,,,,,,,,,,,,,,,,,,,,,,,35
Niger,,,,,,,,,,56,,,,,,,,,,,,,,,,,,,,,,,,,,,,,,,,,,2,,9,,,,2,3,73
Nigeria,,4,,2,1,84,84,,8,,3,13,6,4,13,102,5,1,1,0,0,0,4,5,4,2,2,1,,,,,4,12,,,,,,,,54,,,63,7,6,2,4,,3,505
North Korea,,,,,,,,,,,,,,31,31,,,,,,,,,,,,,,,,,,,,,,,,,,,,,,,,,,,,,61
North Macedonia,,,,,,,,,,,,,,,,,,,,,,,,,,,,,3,3,5,0,,,,,0,,,,,,,,,,,,,,,12
North Yemen,,,,,,,,,14,412,,,,,,,,,,,,,,,,,,,,,,,,,,,,,,,,,,,,,,,,,,425
Norway,59,,,14,1,49,23,25,17,32,237,377,388,383,204,33,19,140,155,382,45,15,15,28,15,42,108,102,73,84,75,62,8,9,5,3,69,76,110,102,85,73,62,19,1,112,112,330,368,333,330,5407
Oman,,1,,0,,34,,,,,,39,41,59,10,,27,,,,36,,,6,16,10,27,5,12,,,1,6,4,13,145,278,12,68,3,3,,38,35,469,5,135,89,,,4,1630
Pakistan,,,0,31,95,51,24,24,201,46,194,36,93,254,479,549,134,96,78,608,53,26,25,26,29,25,185,135,25,8,11,15,45,28,73,171,107,397,303,150,1033,269,276,137,204,107,20,21,22,,12,6928
Palau,,,,,,,,,,,,,,,,,,,,,2,,,,,,,,,,,,,,,,,,,,,,,,,,,,,,,2
Panama,2,18,2,14,,23,6,4,2,,,,5,6,0,7,,,1,,,,2,,,,0,6,,,,,,,,,,,,5,,,15,,,,,,11,,,131
Papua New Guinea,,,,,,,,,,,,,1,,1,,,,,,,1,1,,,,,,,,,,,,,,,,,,,,,,,,,,,,,4
Paraguay,0,1,1,0,,0,2,,1,,,2,,,,,,,,,,,,,,,,,,,,,,,,,,,,,,1,1,0,,,,,,,,10
Peru,23,3,19,46,47,218,194,44,43,39,58,23,,75,34,59,11,39,109,,,15,12,3,,,24,4,12,1,,1,14,22,47,25,22,,,2,5,2,5,8,,11,1,3,,0,1,1323
Philippines,9,90,52,111,13,107,237,155,140,46,63,5,3,111,39,23,,26,12,,11,13,42,45,43,4,2,14,31,,,9,5,3,20,12,13,13,10,0,,60,6,55,12,46,82,23,3,11,60,1889
Poland,,,,,,,,,,,,,,,,,,,,,,1,,,,1,,,,,122,8,138,14,5,11,346,850,481,87,41,16,16,,1,4,,19,18,147,79,2403
Portugal,17,9,,,6,6,,94,119,2,12,44,136,,103,140,3,9,90,126,21,174,5,91,437,15,7,0,6,,2,18,,29,57,33,43,57,87,88,87,87,29,,0,,1,,,29,29,2346
Qatar,,,,,,,,,,,,,,,,,,,,,,,,,,,,0,1,0,,,,,,,,,,280,,150,280,,,385,598,521,420,671,300,3607
Regional Security System**,,,,,,,,,,,,,,,,,,,,,,,,,,,,,,14,,,,,,,,,,,,,,,,,,,,,,14
Romania,,,,,,,,,,,,,,,,,,,,,,,,,,,18,18,44,14,3,1,,,,14,3,22,2,32,61,42,3,3,0,3,5,13,22,13,93,430
Saint Kitts and Nevis,,,,,,,,,,,,,,,,6,,,,,,,,,,,,,,,,,,,,,,,,,,,,,,,,,,,,6
Saint Vincent,,,,,,,,,,,,,,,,,,4,,,,,,,,,,,,,,,,,,,,,,,,,,,,,,,,,,4
Saudi Arabia,,,83,160,378,384,392,768,842,504,636,1306,1867,1626,589,352,1438,1007,152,172,1019,397,888,2017,884,888,1407,1719,2207,1512,3,33,89,117,324,152,171,150,248,244,358,397,394,608,1426,1774,1767,3118,2752,2866,2151,44735
Senegal,,,,,,,,,,,,,,,,,,,,,,,,,,,,,,,,,,,,,,,,,,2,,,,,,1,1,,,4
Serbia,,,,,,,,,,,,,,,,,,,,,,,,,,,,,,,,,,,,,,,,,,,0,,,,,,,,,0
Seychelles,,,,,,,,,,,,,,2,,,,,,,0,,,,,,,,,,,,,,,,,,,,,,,1,,,,,1,,,3
Sierra Leone,,,,1,,,,,0,,,,,,,,,,,,,,,,,,,,,,,,,,,,,,,,,,,,,,,,,,,1
Singapore,44,41,8,38,128,156,186,116,50,292,337,93,92,172,72,63,,207,521,232,184,36,8,82,11,15,63,448,602,189,531,61,211,50,365,533,33,11,28,720,687,457,429,626,23,75,557,138,82,47,31,10177
Slovakia,,,,,,,,,,,,,,,,,,,,,,,,,,,,,,,,,,,,,,,,,,,,,,,,18,18,36,,71
Slovenia,,,,,,,,,,,,,,,,,,,,,,,10,22,11,15,,,,,,0,,,,,,,,,,,,,1,,,,,,,59
Somalia,,,,,,,,,,,,3,28,9,9,42,15,,,,,,,,,,,,,,,,,,,,,,,,,,,1,,,,,,,,107
South Africa,,,20,20,,,14,,,,,,,,,,12,2,,,,,,,,,,9,,18,,,,,,,14,30,11,9,13,16,9,,,,,,,,,197
South Korea,80,240,367,253,450,637,553,1178,368,1344,888,863,652,439,483,647,754,721,1129,1591,974,779,677,598,692,1729,1624,888,1176,1199,934,462,263,591,871,619,1359,1204,1120,206,1235,1485,979,113,346,171,545,515,669,848,917,39425
South Sudan,,,,,,,,,,,,,,,,,,,,,,,,,,,,,,,,,,,,,,,,,,,0,2,,,,,,,,2
South Vietnam,654,970,2147,629,352,,,,,,,,,,,,,,,,,,,,,,,,,,,,,,,,,,,,,,,,,,,,,,,4752
Spain,210,413,569,769,471,617,485,56,243,241,166,229,176,87,70,107,870,981,1715,572,572,77,156,242,675,217,265,132,22,219,167,67,220,186,163,5,81,22,18,48,7,20,96,44,20,20,2,9,18,18,23,12875
Sri Lanka,,3,2,,,,0,,,,0,,,,9,39,20,15,,,15,,,,,,,36,6,,10,,9,3,13,,,5,,,,10,,,,,,,54,,,248
Sudan,,,,,,,,,168,,,38,72,3,34,,,2,2,,,,,,,,,,,,,,,,,,,,,,,,,,,,,,,,,320
Suriname,,,,,,,,,,,,,,,,,,,,,,,,,,,,,,3,,,,,,,,,,,,,0,,,,,,,,,3
Sweden,35,10,70,75,75,103,75,100,105,86,78,207,45,122,36,34,90,102,49,53,42,31,15,17,26,59,52,69,150,65,69,33,26,26,26,58,56,24,9,2,,150,185,16,1,2,9,5,,,,2772
Switzerland,62,84,59,34,9,66,66,,213,213,268,285,130,247,218,155,,11,36,19,13,141,20,41,114,93,187,377,431,502,4,4,3,,18,,,2,1,2,30,16,5,2,1,1,61,31,,,,4271
Syria rebels*,,,,,,,,,,,,,,,,,,,,,,,,,,,,,,,,,,,,,,,,,,,,,,,,1,,,,1
Taiwan,585,351,245,329,372,346,488,806,790,552,487,687,697,627,330,545,664,111,192,197,225,513,406,1127,852,1313,824,2966,2250,1704,537,332,291,111,314,645,503,12,11,,35,137,422,548,1070,629,97,493,99,64,102,28030
Tanzania,1,2,1,1,1,,,,,,,2,,,,,,,,1,,,,,,,,,,,,,,,,,,,,,,,,,,,,,,,,7
Thailand,214,228,200,234,87,32,31,46,285,46,206,270,37,88,108,109,106,216,361,181,208,281,32,135,205,151,449,379,36,45,25,13,146,126,37,17,5,,,4,0,50,21,54,32,27,46,29,49,16,19,5721
Togo,,,,,,,,,,,,,,,,,1,,,,,,,,3,3,,,,,,,,,,,,,,,,,,,,,,,,,,7
Tonga,,,,,,,,,,,,,,,,,,,,,,,,,,,0,,,,,,,,,,,,,,,,,,,,,,,,,0
Trinidad and Tobago,,,,,,,,,,,1,6,,,,,,0,,,,,,,,,,,,,3,0,2,,,,,6,,,,12,12,,,,,,,,,42
Tunisia,,,4,22,8,,10,,10,44,23,14,20,76,108,84,,56,17,48,,,8,,,18,23,25,18,10,,,44,1,,,2,,3,,7,7,,38,39,7,16,69,46,15,15,952
Turkey,244,506,607,722,1230,403,165,165,762,755,185,231,141,74,93,274,141,826,515,615,856,920,1681,1925,1346,699,616,1152,1610,1126,517,138,447,232,129,272,5,25,49,21,7,328,1007,359,1104,297,183,151,125,129,7,26112
UAE,,0,1,5,7,56,,13,,,,101,,29,61,5,99,158,22,6,6,,,92,213,26,154,6,20,15,15,19,18,36,386,1269,1006,482,682,399,158,853,954,1071,542,809,657,603,920,395,149,12515
Uganda,,3,20,,,,,,,,,,14,,,,,,,,,,,,,,,,,,,,,,,,,,,2,,,,,,5,,16,,,1,59
Ukraine,,,,,,,,,,,,,,,,,,,,,,,,,,,,,,,,,,,,,,,,,,,,,,4,5,4,16,2,5,35
UNITA (Angola)*,,,,,,,,,,,,,,,,,12,13,,1,,,,,,,,,,,,,,,,,,,,,,,,,,,,,,,,26
United Kingdom,,111,155,162,162,161,75,124,133,142,428,756,697,241,586,287,149,109,124,89,69,825,1078,769,413,492,490,484,514,98,814,1251,381,439,171,20,129,322,425,270,313,206,395,331,191,373,217,755,197,185,717,18025
United Nations**,,,,,,,,,,,,,,,,,,,,,,,,6,,,,,,,,,,,,,,,,,,,,,3,0,,,,,,9
Unknown recipient(s),8,,,,,,,,,,28,83,83,83,83,83,83,83,83,39,,11,11,14,,3,3,,4,,,,,,,,,,,,3,,,,0,0,,,,,10,792
Uruguay,9,16,24,6,5,,40,2,,2,10,11,9,,,,,,16,5,5,,,18,9,,,,12,,,,,,,,,,,,,,,,,,,,,1,,201
Uzbekistan,,,,,,,,,,,,,,,,,,,,,,,,,,,,,,,,,,,,,,,,,,,,,,35,,,0,1,,36
Venezuela,15,119,101,203,8,78,7,44,55,8,21,59,69,135,26,393,13,,66,4,4,74,,,1,,2,,,20,,5,11,15,,,,,,,,,,,,6,,,,,,1563
Viet Nam,,,,,,,,,,,,,,,,,,,,,,,,,,,,,,,,,,,,,,,,,,,,,,,,54,,,,54
Yemen,,,,,,,,,,,,,,,,,,,,,,,,,,,,,,,,,,,,,3,,5,,,12,,3,,11,,,,,,35
Yugoslavia,,,,,,3,3,,,,,,,30,46,,,,,,,,,,,,,,,,,,,,,,,,,,,,,,,,,,,,,82
Zambia,,,,,,,,,,,,,,,,,,,,,,,,,,,,,,,,,,,,,,,,,,,,,,,,,,6,,6
Zimbabwe,,,,,,,,,,,,,,,,,,,,,,,,0,,,,,,,,,,,,,,,,,,,,,,,,,,,,0
,,,,,,,,,,,,,,,,,,,,,,,,,,,,,,,,,,,,,,,,,,,,,,,,,,,,,
Total,9033,11760,10841,12016,12834,15731,15649,14377,14051,9784,10736,13610,14017,13937,11890,10808,11647,12232,11869,11319,10663,12475,14079,13819,11489,11194,10855,14513,15714,11544,7571,5589,4891,5664,6847,6787,7545,7864,6807,6879,8062,8940,9056,7485,9604,9937,9868,12070,9895,10788,9372,546009
